Paguina,Modelo,Tallas,Precio
3,NOE,M.L.XL.2XL.3XL,850
3,PILOTO,M.L.XL.2XL,1000
4,JK,M.L.XL.2XL.3XL,900
4,DIEGO,M.L.XL.2L.3XL,900
5,SANTIAGO,M.L.XL.2XL.3XL,750
5,TONIS,38-46,1300
5,MONTANA,M.L.XL.XXL.3XL,750
6,ALEXANDER,M.L.XL.XXL.3XL,900
6,POLO,38-46,1700
7,Canelo,M.L.XL.XXL.3XL,850
7,LEVIS,M.L.XL.2XL.3XL,850
8,CORTA HIDROFUGADA MIEL,38-46,1700
8,CORTA HIDROFUGADA,38-46,1600
8,CORTA NATURAL,38-46,1400
9,ROGER,M.L.XL.2XL.3XL,950
9,NICOLAS,M.L.XL.2XL.3XL,900
10,ABRAHAM,M.L.XL.2XL.3XL,850
10,SUPERMAN,M.L.XL.2XL.3XL,950
11,CAMISOLA,M.L.XL.2XL.3X,850
11,GABARDINA,M.L.XL.2XL.,1200
12,JOCKER,M.L.XL.2XL.3XL,900
12,CESAR,M.L.XL.2XL.3XL,950
13,HECTOR,M.L.XL.2XL.3XL,850
13,SAMMY,M.L.XL.2X.3XL,850
14,ALASKA NTURAL,38-46,1800
14,ALASKA REPELENTE,38-46,1900
15,VAQUERA HIDROFUGADA,38-46,1600
15,MARLBORO NATURAL PUNTAS,38-46,1800
15,MARLBORO HIDROGUGADA,38-46,1700
16,ROBBING,"M.L.XL.2XL,3XL",850
16,ORLANDO,M.L.XL.2XL.3XL,900
17,RUSO,M.L.XL.2XL.3XL,950
17,MARCOS,M.L.XL.2XL.3XL,950
18,LUCCA,M.L.XL.2XL.3XL,850
18,GABRIEL,M.L.XL.2XL.3XL,850
19,REFLEJANTE,M.L.XL.2XL.,950
19,VIPER,M.L.XL.2XL.3XL,850
20,ROCKERA BORREGO,M.L.XL.2XL.,1000
20,ROCKERA ANCA,M.L.XL.2XL,950
20,IKER,M.L.XL.2XL,900
21,LUIS,M.L.XL.2XL.3XL,850
21,SAUL,M.L.XL.2XL.3XL,850
22,ROBERT,M.L.XL.2XL.3XL,850
22,ANDY,M.L.XL.2XL.3XL,850
23,ADVENGER,M.L.XL.2XL.3XL,950
23,BATMAN REFLEJANTE,M.L.XL.2XL.3XL,950
23,BATMAN,M.L.XL.2XL.3XL,950
24,ELIUT,M.L.XL.2XL.3XL,850
24,BLACK,M.L.XL.XXL.3X,850
25,ALAN,M.L.XL.2X.3XL,850
25,CAPITAN COMBINADO,M.L.XL.2XL.3XL,950
26,EMMANUEL,M.L.XL.2XL.3XL,850
26,LONDON,M.L.XL.2XL.3XL,950
27,CAPITAN REFLEJANTE,M.L.XL.2XL.3XL,950
27,CALAVERA,M.L.XL.2XL.3XL,950
28,AVIADOR,M.L.XL.2XL.3XL,950
28,ANDRE,M.L.XL.2XL.3XL,850
29,DEAD POOL,M.L.XL.2XL.3XL,950
28,MISAEL,M.L.XL.2XL.3XL,850
30,ITALIANO MAO,M.L.XL.2XL.3XL,850
30,DALLAS,M.L.XL.2XL.3XL,850
31,ALEX,M.L.XL.2XL.3XL,850
31,ALEMANA VIVOS,M.L.XL.2XL.3XL,850
32,ITALIANO,M.L.XL.2XL.3XL,850
33,ALEMANA,"M.L.XL.2XL,3XL",850
34,INGLATERRA,M.L.XL.2XL.3XL,850
34,DEPORTIVA,M.L.XL.2XL.3XL,850
35,PORTABROCHE,M.L.XL.2XL.3XL,850
35,CAZADORA,M.L.XL.2XL,1000
35,PAUL,M.L.XL.2XL.3XL,850
36,CHALECO VAQUERO,38-46,400
36,CHALEO LEVIS,M.L.XL.2XL.3XL,750
37,PAOLO,M.L.XL.2XL.3XL,750
37,ROMAN,M.L.XL.2XL.3XL,750
38,SERGIO,M.L.XL.2XL.3XL,750
38,EDWING,38-46,1400
39,IVAN,M.L.XL.2XL.3XL,750
39,JULIO ABORREGADO,M.L.XL.2XL.3XL.,750
40,CHALECO ROCKERO,M.L.XL.2XL,850
40,CHELECO JHONY,M.L.XL.2XL.3XL,750
41,BRUNO,M.L.XL.2XL.3XL,750
41,BIKER,M.L.XL.2XL.3XL,750
42,TADEO,M.L.XL.2XL.3XL.,850
42,LEO,M.L.XL.2XL.3XL,850
43,COUGAR,M.L.XL.2XL.3XL,850
43,HUGO,M.L.XL.2XL.3XL,850
44,EDUARDO,M.L.XL.2XL.3XL,900
44,SPORT,M.L.XL.2XL.3XL,900
45,RAMSES,M.L.XL.2XL.3XL,850
45,ABEL,M.L.XL.2XL.3XL,900
46,ARMANDO,38-46,1700
46,VICTOR,M.L.XL.2XL.3XL,850
46,DAVIS,M.L.XL.2XL.3XL,850
47,JASSO,M.L.XL.2XL.3XL,850
48,WOLVERINE,M.L.XL.2XL.3XL,850
48,DILAN,M.L.XL.2XL.3XL,900
50,AVIADOR,6-20,600
50,ITALIANO,6-20,600
51,SUPERMAN,6-20,600
51,DEAD POOL,6-20,600
51,ROBERT,6-20,600
52,CAPITAN AMERICA,6-20,600
52,ABEL,6-20,600
52,BATMAN,6-20,600
54,RENATA,M.L.XL.2XL.3XL,750
54,KENTOCKY PUNTAS,M.L.XL.2XL,1800
55,IRMA,M.L.XL.2XL.3XL,750
56,LIZ,M.L.XL.2XL.3XL,750
57,JENIFER,M.L.XL.2XL.3XL,800
57,JAZMIN,M.L.XL.2XL.3XL,750
58,ESTRELLA,M.L.XL.2XL.3XL,750
58,SOFIA,M.L.XL.2XL.3XL,750
59,ISABELLA,M.L.XL.2XL.3XL,750
59,ABRIL,M.L.XL.2XL.3XL,750
60,SILVIA,M.L.XL.2XL.3XL,850
60,MARISOL,M.L.XL.2XL.3XL,750
61,VANESSA,M.L.XL.2XL.3XL,750
61,MAGALLY,M.L.XL.2XL.3XL,750
62,FATIMA,M.L.XL.2XL.3XL,750
63,GABY,M.L.XL.2XL.3XL,650
63,ELIZABETH,M.L.XL.2XL.3XL,750
64,GERALDINE,M.L.XL.2XL,1600
64,IGLU,M.L.XL.2XL,1400
65,VALENTINA,M.L.XL.2XL,850
66,ELI,M.L.XL.2XL.3XL,750
67,MIRIAM,M.L.XL.2XL.3XL,850
68,NANCY,M.L.XL.2XL.3XL,750
69,YADHIRA,M.L.XL.2XL.3XL,700
69,AMANDA,M.L.XL.2XL.3XL,650
70,MARA,M.L.XL2XL.3XL,750
70,SARA,M.L.XL.2XL.3XL,750
71,MARA,M.L.XL.2XL.3XL,750
71,JADE,M.L.XL.2XL.3XL,750
72,NORMA,M.L.XL.2XL,1200
72,PLUS,M.L.XL.2XL.3XL,750
73,CAZADOR DAMA,M.L.XL.2XL,950
73,NICOL,M.L.XL.2XL.3XL,750
74,GALIEA,M.L.XL.2XL.3XL,750
75,CAPITAN AMERICA DAMA,M.L.XL.2XL.3XL,850
75,KENIA,M.L.XL.2XL.3XL,750
75,ABI,M.L.XL.2XL.3XL,750
76,DIANA,M.L.XL.2XL.3XL,750
77,ALEJNDRA,M.L.XL.2XL.3XL,750
77,KENTOCKY,M.L.XL.2XL,1500
78,REINA,M.L.XL.2XL.3XL,750
79,IRAZU,M.L.XL.2XL.3XL,750
80,SHAKIRA,M.L.XL.2XL.3XL,750
80,FRIDA,M.L.XL.2XL.3XL,750
81,NENA,M.L.XL.2XL.3XL,750
81,FRIDA,M.L.XL.2XL.3XL,750
82,DEYSI,M.L.XL.2XL.3XL,750
83,THALIA,M.L.XL.2XL.3XL,750
84,JESSI,M.L.XL.2XL.3XL,750
85,AMERICA,M.L.XL.2XL.3XL,750
87,ZOE,6-20,600
88,DIANA,6-20,600